title,price
Shop on eBay,$20.00
Shop on eBay,$20.00
Apple iPhone 14 Pro Max A2651 Verizon solo 128 GB púrpura profundo bueno,USD560.00
Apple iPhone 14 Pro Max A2651 AT&T solo 128 GB púrpura profundo muy bueno,USD679.99
Apple iPhone 12 Pro Max 256 GB Desbloqueado AT&T T-Mobile Verizon Muy Buen Estado,USD452.95
Apple iPhone 12 Pro Max 128 GB Desbloqueado AT&T T-Mobile Verizon Muy Buen Estado,USD442.95
Anuncio nuevoApple iPhone 14 Pro Max - 128GB - nero (Bloccato),USD540.80
Apple iPhone 14 Pro Max - 256 GB - Desbloqueado,USD695.00
Anuncio nuevoApple iPhone 14 Pro Max - 256 GB - Plateado (Desbloqueado),USD710.00
Apple iPhone 14 Pro Max - 128 GB - Dorado (Verizon) - Totalmente Nuevo,USD560.00
Apple iPhone 14 / 14 Pro / 14 Plus / 14 Pro Max 128GB - 1 año de garantía,USD492.74 a USD921.49
Apple iPhone 14 Pro Max - 128 GB - Púrpura Profundo - Operador Bloqueado - Rasguños menores,USD510.00
Apple iPhone 13 Pro Max - 256 GB - Azul Sierra (Desbloqueado) (Single SIM),USD560.00
Apple iPhone 14 Pro Max - 1 TB - Negro espacial (Desbloqueado),USD950.00
Apple iPhone 14 Pro A2650 Verizon solo 128 GB negro espacial bueno,USD524.99
Apple iPhone 14 Pro Max 256 GB Desbloqueado AT&T T-Mobile Verizon Muy Buen Estado,USD794.95
Apple iPhone 14 Pro Max 128 GB Desbloqueado AT&T T-Mobile Verizon Muy Buen Estado,USD769.95
Apple iPhone 12 Pro Max A2342 128 GB 256 GB Desbloqueado ~ Muy Buen Estado ~ Colores,USD444.99 a USD449.99
Anuncio nuevoApple iPhone 14 Pro Max - 128 GB,USD774.24
Anuncio nuevoApple iPhone 14 Pro Max 128 GB (AT&T bloqueado) - púrpura profundo,USD680.00
Apple iPhone 14 Pro Max 256 GB Red Desbloqueado PROBADO 100% Batería Púrpura,USD789.99
Apple iPhone 14 Pro Max - 128 GB - Negro (Desbloqueado) (Single SIM),USD825.00
Apple iPhone 12 Pro Max 256 GB plateado con burbujas en lcd,USD344.61
iPhone 14 Pro Max 128 GB negro espacial - nunca usado - nuevo ✨,USD1 087.86
Apple iPhone 14 Pro Max - 256 GB - Negro espacial (Desbloqueado),USD850.00
Apple iPhone 14 Pro Max 512 GB plateado - AppleCare+ hasta febrero de 2025 - *Nuevo* ✨,USD1 241.44
Apple iPhone 14 Pro max 256 GB desbloqueado usado blanco,USD915.00
Smartphone Apple iPhone 14 Pro Max 512GB Negro - AT&T con 100% batería! 7586301,USD795.00
Apple iPhone 14 Pro Max - 256 GB - Negro espacial (sin bloqueo de SIM) (Doble SIM),USD870.69
iphone 14 pro max 256 gb,USD894.62
Apple iPhone 14 Pro Max A2651 Desbloqueado 128 GB Negro Espacial Bueno,USD749.99
Apple iPhone 14 Pro A2650 AT&T solo 256 GB plateado bueno,USD579.99
Apple iPhone 14 Pro Max 1 TB Desbloqueado AT&T T-Mobile Verizon Muy Buen Estado,USD864.95
Apple iPhone 14 Pro Max 512 GB negro espacial completamente desbloqueado (cualquier operador) excelente,USD854.99
Nueva Caja OPN Apple iPhone 14 PRO MAX Desbloqueado De Fábrica 128GB GSM CDMA Estado A,USD864.99
Apple iPhone 13 Pro Max - 128 GB - Desbloqueado de fábrica - T-Mobile AT&T Verizon - Nuevo,USD759.99
Nuevo Sin Caja - Apple iPhone 14 Pro Max - 128 GB Púrpura (Desbloqueado) Nunca Activado,USD888.88
"FUNDA DE FIBRA DE CARBONO para iPhone 12 11 13 14 Pro Max, Plus y 2PK Protector de Pantalla",USD5.11 a USD7.67
Celular de consumo Apple iPhone 14 Pro Max A2651 128 GB púrpura profundo IMEI limpio,USD490.00
Nuevo Apple iPhone 14 Pro Max Púrpura Profundo 256 GB (SOLO AT&T CRICKET) 7800,USD829.00
"Apple iPhone 12 Pro Max 5G, muy buen estado, desbloqueado elige tu color",USD445.00 a USD525.95
Apple iPhone 13 Pro A2483 Verizon solo 128 GB dorado bueno,USD379.90
Apple iPhone 14 Pro Max A2651 AT&T solo 256 GB negro espacial bueno,USD639.99
Anuncio nuevoTOTALMENTE NUEVO Apple iPhone 14 Pro Max - 256 GB - GRIS ESPACIAL (AT&T) NUNCA USADO,USD999.00
iphone 14 pro desbloqueado tmobile nuevo,USD592.00
Apple iPhone 11 Pro Max - 64 GB - Desbloqueado de fábrica - Múltiples colores - CAJA ABIERTA,USD354.99
Apple iPhone 14 Pro Max A16 128 GB 256 GB 512 GB 1 TB Desbloqueado Nuevo Sellado,USD1 385.49 a USD2 068.49
Apple iPhone 14 Pro Max 128 GB Desbloqueado Púrpura Profundo - 10% DESCUENTO EXTRA - BUENO B+,USD959.87
iPhone 14 Pro Max 256 GB - Púrpura Profundo - Red Bloqueada (LEER DESCRIPCIÓN),USD809.00
Apple iPhone 14 Pro Max 128 GB Negro Espacial Desbloqueado Excelente Estado,USD799.99
Funda protectora resistente resistente a prueba de golpes a prueba de golpes para iPhone 15/14/13/12 Pro Max,USD10.44 a USD14.24
Apple iPhone 12 Pro Max - 256 GB - Desbloqueado de fábrica - T-Mobile AT&T Verizon - Nuevo,USD639.99
Apple iPhone 14 Pro Max - 256 GB - Dorado (Verizon) Nuevo,USD935.00
caja abierta Apple iPhone 14 Pro MAX 128 GB color púrpura profundo (desbloqueado de fábrica),USD864.99
Apple iPhone 14 Pro Max Espacio Caja Negra y Accesorios 128 GB Sin Teléfono,USD9.99
Apple iPhone 14 Pro Max 256gb Púrpura Profundo (Desbloqueado) Garantía Repuesto,USD1 086.59
Funda ultra delgada a prueba de golpes para iPhone 11 12 13 14 PRO MAX XR 7 8 14 15 Pro Max,USD7.67
Smartphone Apple iPhone 14 Pro Max 1TB Desbloqueado - Excelente,USD927.95
"Anuncio nuevoiPhone 14 Pro Max - Gold - 128Gb - Water damage, won't turn On",USD2.70
Anuncio nuevoLEER DESCRIPCIÓN Smartphone Apple iPhone 14 Pro Max - 128 GB - AT&T parte posterior agrietada,USD549.95
Anuncio nuevo*1311559 Apple iPhone 12 Pro Max - 256 GB - Azul Pacífico (Desbloqueado) - Muy Bueno,USD537.54
Apple iPhone 14 Pro Max A2651 AT&T solo 256 GB plateado bueno,USD659.99
Apple iPhone 14 Pro Max - 128GB 256GB 512GB 1TB - Todos los Colores - Muy Bueno,USD650.00
Apple iPhone 14 Pro Max - 128GB 256GB 512GB 1TB - Todos los Colores - Buen Estado,USD659.00 a USD679.00
Smartphone Apple iPhone 13 Pro Max 128GB Desbloqueado - Muy Bueno,USD557.95
Apple iPhone 14 Pro Max 128 GB Desbloqueado AT&T T-Mobile Verizon Excelente Estado,USD789.95
Smartphone Apple iPhone 14 Pro Max 512GB Desbloqueado - Excelente,USD903.95
Apple iPhone 14 Pro Max 256 GB Desbloqueado AT&T T-Mobile Verizon Excelente Estado,USD839.95
Apple iPhone 14 Pro Max A2651 AT&T solo 128 GB púrpura profundo bueno,USD619.99
Apple iPhone 14 Pro Max A2651 AT&T solo 256 GB púrpura profundo bueno,USD649.99
Apple iPhone 14 Pro Max 512 GB Plateado Desbloqueado Muy Buen Estado,USD897.00
Apple iPhone 14 Pro Max 256 GB Plateado Desbloqueado Excelente Estado,USD929.00
Apple iPhone 14 Pro A2650 Desbloqueado 128 GB Púrpura Profundo Bueno,USD649.99
Apple iPhone 13 Pro Max - Spectrum - 256 GB - Dorado - Muy Bueno,USD460.00
Apple iPhone 14 Pro Max 128 GB A2651 5G Desbloqueado - Excelente,USD799.99
Apple iPhone 12 Pro Max 512 GB Desbloqueado AT&T T-Mobile Verizon Muy Buen Estado,USD475.95
Apple iPhone 14 Pro Max A2651 Verizon solo 128 GB púrpura profundo muy bueno,USD629.99
